{
             "simid"  :    "SCsurf_T" ,
             "ncell"  :    [       60 ,       60 ,        1 ] , 
                "bc"  :    [ "P" , "P" , "0" ] , 
              "cell"  :  [
                           [    1.00000     ,    0.00000     ,    0.00000     ] , 
                           [    0.00000     ,    1.00000     ,    0.00000     ] , 
                           [    0.00000     ,    0.00000     ,    1.00000     ]  
                         ],
         "anumb_inp"  :         1 ,
         "atype_inp"  :         1 ,
               "bas"  :  [
                           [    0.00000     ,    0.00000     ,    0.00000     ]  
                         ],
                "na"  :         1 ,
                "nt"  :         1 ,
               "sym"  :         0 ,
               "llg"  :         1 ,
           "sdealgh"  :         1 ,
         "mensemble"  :         1 ,
           "initmag"  :         1 ,
             "mseed"  :         1 ,
           "ip_mode"  :    "M" ,
         "ip_hfield"  :    [    0.00000     ,    0.00000     ,   -150.000     ] , 
       "ip_mcanneal"  :         4 ,
        "ip_mcnstep"  :    [     1000 ,     1000 ,     1000 ,     1000 ] , 
           "ip_temp"  :    [    100.000     ,    50.0000     ,    20.0000     ,    1.00010     ] , 
              "mode"  :   "S" ,
              "temp"  :    0.100000E-03 ,
            "hfield"  :    [    0.00000     ,    0.00000     ,   -150.000     ] , 
             "nstep"  :      1000 ,
          "timestep"  :    0.100000E-14 ,
           "damping"  :    0.500000     ,
 "real_time_measure"  :   "N" ,
           "do_avrg"  :   "Y" ,
         "avrg_step"  :       100 ,
        "do_tottraj"  :   "N" ,
           "do_cumu"  :   "N" ,
        "plotenergy"  :         1 ,
       "do_spintemp"  :   "N" ,
             "ntraj"  :         0 ,
             "do_sc"  :    "N" ,
           "comment"  :    "Input data from UppASD simulation" 
  } 
